gemeente,fractie,aantal_leden,totaal_raad,in_schepencollege,voorzitter_gemeenteraad,in_coalitie_volgens_wikipedia
Aalst,CD&V,6,43,ja,nee,ja
Aalst,Groen,4,43,nee,nee,nee
Aalst,LijstA,2,43,nee,nee,nee
Aalst,N-VA,16,43,ja,ja,ja
Aalst,Open VLD,4,43,ja,nee,ja
Aalst,SP.a,3,43,nee,nee,nee
Aalst,Vlaams Belang,8,43,nee,nee,nee
Aalter,CD&V/N-VA,20,30,nee,nee,ja
Aalter,Groen,6,30,nee,nee,nee
Aalter,Onbekend,1,30,nee,nee,nee
Aalter,Open Vld Plus,2,30,nee,nee,nee
Aalter,VLAAMS BELANG,1,30,nee,nee,nee
Aarschot,CD&V,6,29,nee,nee,nee
Aarschot,Groen,3,29,nee,nee,nee
Aarschot,N-VA,3,29,nee,nee,ja
Aarschot,Onbekend,1,29,nee,nee,nee
Aarschot,Open Vld,10,29,ja,ja,ja
Aarschot,VLAAMS BELANG,2,29,nee,nee,nee
Aarschot,Vooruit,4,29,ja,nee,ja
Aartselaar,Groen,2,24,nee,nee,ja
Aartselaar,N-VA,12,24,nee,nee,ja
Aartselaar,Onafhankelijk,1,24,nee,nee,nee
Aartselaar,Onbekend,1,24,nee,nee,nee
Aartselaar,Open Vld,4,24,nee,nee,nee
Aartselaar,Samen NAP,3,24,nee,nee,nee
Aartselaar,cdd79247-de17-405a-b0d6-1aacb12db93f,1,24,nee,ja,nee
Affligem,GROEN,1,23,nee,nee,nee
Affligem,LIJST BURGEMEESTER,10,23,ja,ja,ja
Affligem,N-VA,6,23,nee,nee,nee
Affligem,OPEN2040,6,23,ja,nee,ja
Alken,CD&V,1,22,nee,nee,nee
Alken,Groen,3,22,ja,nee,ja
Alken,N-VA,11,22,ja,nee,ja
Alken,Onbekend,1,22,nee,nee,nee
Alken,Open Vld,6,22,nee,nee,nee
Alveringem,GEMEENTEBELANGENCD&V,10,18,nee,nee,ja
Alveringem,Onbekend,1,18,nee,nee,nee
Alveringem,PRO & N-VA,7,18,nee,nee,nee
Antwerpen,CD&V,2,55,nee,nee,nee
Antwerpen,Groen,11,55,nee,nee,nee
Antwerpen,N-VA,23,55,ja,ja,ja
Antwerpen,Onbekend,1,55,nee,nee,nee
Antwerpen,Open VLD,2,55,ja,nee,ja
Antwerpen,PVDA,4,55,nee,nee,nee
Antwerpen,VLAAMS BELANG,6,55,nee,nee,nee
Antwerpen,Vooruit,6,55,ja,nee,ja
Anzegem,CD&V-EENDRACHT,1,10,nee,nee,ja
Anzegem,INZET,2,10,nee,nee,ja
Anzegem,Onbekend,1,10,nee,nee,nee
Anzegem,Samen één,6,10,ja,nee,ja
Ardooie,GROEP 82,5,5,ja,ja,ja
Arendonk,Arendonk Positief,2,23,nee,nee,nee
Arendonk,N-VA,10,23,ja,nee,ja
Arendonk,VLAAMS BELANG,2,23,nee,nee,nee
Arendonk,Vooruit - Groen,3,23,nee,nee,nee
Arendonk,iedereen 2370,6,23,ja,ja,nee
As,CD&V,4,20,nee,nee,nee
As,N-VA,2,20,nee,nee,nee
As,Onbekend,1,20,nee,nee,nee
As,VOLUIT!,11,20,ja,nee,ja
As,sp.a,2,20,nee,nee,nee
Asse,ANDERS,5,32,nee,nee,nee
Asse,CD&V,9,32,nee,nee,ja
Asse,Groen,3,32,nee,nee,nee
Asse,N-VA,8,32,nee,nee,ja
Asse,Onbekend,2,32,nee,nee,nee
Asse,VLAAMS BELANG,1,32,nee,nee,nee
Asse,ZELLIKRELEGEM-VOLK,4,32,nee,nee,nee
Assenede,Anders,8,24,nee,nee,nee
Assenede,SamenPlus,13,24,ja,ja,ja
Assenede,Vlaams Belang,3,24,nee,nee,nee
Avelgem,CD&V,3,13,nee,nee,nee
Avelgem,N-VA,1,13,nee,nee,nee
Avelgem,Tandem,3,13,nee,nee,ja
Avelgem,gbA-GEMEENTEBELANGEN,6,13,nee,ja,ja
Baarle-Hertog,CDK,4,12,nee,nee,nee
Baarle-Hertog,FORUM+,4,12,ja,ja,ja
Baarle-Hertog,N-VA,4,12,ja,nee,ja
Balen,CD&V,12,27,ja,ja,ja
Balen,N-VA,6,27,nee,nee,nee
Balen,Onafhankelijk,1,27,nee,nee,nee
Balen,Open Vld Plus,1,27,nee,nee,nee
Balen,VLAAMS BELANG,4,27,nee,nee,nee
Balen,sp.a Balen 2025,3,27,ja,nee,ja
Beernem,CD&V,1,26,nee,nee,ja
Beernem,CD&V Beernem,11,26,nee,nee,nee
Beernem,GROEN,3,26,nee,nee,ja
Beernem,N-VA,9,26,nee,nee,nee
Beernem,Onbekend,1,26,nee,nee,nee
Beernem,sp.a,1,26,nee,nee,ja
Beerse,BEERSEplus,3,26,ja,nee,ja
Beerse,CDE-Vlim.be,11,26,ja,ja,ja
Beerse,Groen-Hart v. Beerse,2,26,nee,nee,ja
Beerse,N-VA,7,26,nee,nee,nee
Beerse,Vlaams Belang,3,26,nee,nee,nee
Beersel,Blauw beersel,1,13,nee,nee,nee
Beersel,Lijst BURGEMEESTER,3,13,nee,nee,ja
Beersel,Onbekend,1,13,nee,nee,nee
Beersel,WijZijnBeersel,4,13,nee,nee,nee
Beersel,union francophone,4,13,nee,nee,nee
Begijnendijk,LEEF,2,21,ja,nee,ja
Begijnendijk,MGB,9,21,nee,nee,nee
Begijnendijk,N-VA,2,21,ja,nee,ja
Begijnendijk,S.A.F.E.,2,21,ja,nee,ja
Begijnendijk,samen,6,21,ja,ja,ja
Bekkevoort,Bekkevoort Beter,1,18,nee,nee,nee
Bekkevoort,CD&V,7,18,ja,ja,ja
Bekkevoort,GBL,1,18,nee,nee,nee
Bekkevoort,N-VA,2,18,nee,nee,nee
Bekkevoort,ONS DORP,6,18,ja,nee,ja
Bekkevoort,Open Vld,1,18,nee,nee,nee
Beringen,CD&V,9,36,nee,nee,ja
Beringen,Groen,2,36,nee,nee,nee
Beringen,N-VA,6,36,nee,nee,ja
Beringen,Onbekend,1,36,nee,nee,nee
Beringen,VLAAMS BELANG,3,36,nee,nee,nee
Beringen,VOLUIT,6,36,nee,nee,ja
Beringen,Vooruit,8,36,nee,nee,nee
Beringen,sp.a,1,36,nee,nee,nee
Berlaar,CD&V,8,21,ja,ja,ja
Berlaar,Groen,2,21,nee,nee,nee
Berlaar,N-VA,3,21,nee,nee,ja
Berlaar,Onbekend,3,21,nee,nee,nee
Berlaar,Vlaams Belang,2,21,nee,nee,nee
Berlaar,kartel BHG,3,21,nee,nee,nee
Berlare,CD&V,6,23,nee,nee,nee
Berlare,Gemeentebelangen,1,23,nee,nee,nee
Berlare,N-VA,2,23,nee,nee,ja
Berlare,Open Vld,12,23,ja,ja,ja
Berlare,VLAAMS BELANG,1,23,nee,nee,nee
Berlare,Vooruit en Groen,1,23,nee,nee,nee
Bertem,CD&V,6,21,ja,nee,ja
Bertem,GEMBELANGEN OPEN VLD,8,21,ja,ja,ja
Bertem,GROEN,2,21,nee,nee,nee
Bertem,N-VA,2,21,nee,nee,nee
Bertem,Onafhankelijk,1,21,nee,nee,nee
Bertem,sp.a,2,21,nee,nee,nee
Bever,OPEN VOOR DE MENS,5,11,nee,nee,nee
Bever,Thuis in Bever,6,11,ja,ja,ja
Beveren,Beveren 2020,2,35,nee,nee,nee
Beveren,CD&V Beveren,13,35,ja,ja,nee
Beveren,Groen,2,35,nee,nee,nee
Beveren,Groen-sp.a Beveren,2,35,nee,nee,nee
Beveren,N-VA,10,35,ja,nee,ja
Beveren,Onafhankelijken,1,35,nee,nee,nee
Beveren,Open Vld,1,35,nee,nee,nee
Beveren,VLAAMS BELANG,3,35,nee,nee,nee
Beveren,Vooruit,1,35,nee,nee,nee
Bierbeek,CD&V,8,22,nee,nee,ja
Bierbeek,N-VA,3,22,nee,nee,nee
Bierbeek,Onbekend,1,22,nee,nee,nee
Bierbeek,Open Bierbeek,5,22,nee,nee,nee
Bierbeek,sp.a Groen,5,22,nee,nee,ja
Bilzen-Hoeselt,BETER BILZEN,7,32,nee,nee,onbekend
Bilzen-Hoeselt,BILZEN BRUIST,3,32,nee,nee,onbekend
Bilzen-Hoeselt,Groen,1,32,nee,nee,onbekend
Bilzen-Hoeselt,N-VA,6,32,nee,nee,onbekend
Bilzen-Hoeselt,Onbekend,1,32,nee,nee,onbekend
Bilzen-Hoeselt,ToB,12,32,nee,nee,onbekend
Bilzen-Hoeselt,VLAAMS BELANG,2,32,nee,nee,onbekend
Blankenberge,CD&V2030,3,27,ja,nee,ja
Blankenberge,N-VA,7,27,ja,nee,ja
Blankenberge,Open Vld,9,27,nee,nee,nee
Blankenberge,Vlaams Belang,2,27,nee,nee,nee
Blankenberge,Vooruit,6,27,ja,ja,ja
Bocholt,BOCHOLT BELEEFT,1,24,nee,nee,nee
Bocholt,N-VA,4,24,nee,nee,ja
Bocholt,NU - Nieuwe Unie,5,24,nee,nee,nee
Bocholt,Onafhankelijk,1,24,nee,nee,nee
Bocholt,Onbekend,1,24,nee,nee,nee
Bocholt,SAMEN,2,24,ja,nee,ja
Bocholt,Via,9,24,nee,nee,ja
Bocholt,Via,1,24,ja,ja,ja
Boechout,'t Dorp,3,24,nee,nee,nee
Boechout,CD&V,2,24,ja,nee,ja
Boechout,Groen-gangmaker,2,24,ja,nee,ja
Boechout,N-VA,5,24,nee,nee,nee
Boechout,PRO Boechout&Vremde,11,24,ja,ja,ja
Boechout,Vlaams Belang,1,24,nee,nee,nee
Bonheiden,BR30,5,23,ja,nee,ja
Bonheiden,CD&V,3,23,ja,ja,ja
Bonheiden,Groen,4,23,nee,nee,nee
Bonheiden,N-VA,6,23,nee,nee,nee
Bonheiden,Onbekend,2,23,nee,nee,nee
Bonheiden,Open VLD,3,23,ja,nee,ja
Boom,BOOM één,7,25,nee,nee,nee
Boom,CD&V,3,25,ja,nee,ja
Boom,Groen,1,25,ja,nee,ja
Boom,N-VA,10,25,ja,ja,ja
Boom,Onbekend,1,25,nee,nee,nee
Boom,VLAAMS BELANG,3,25,nee,nee,nee
Boortmeerbeek,CD&V,3,23,nee,nee,nee
Boortmeerbeek,Groen,3,23,nee,nee,nee
Boortmeerbeek,N-VA,4,23,nee,nee,nee
Boortmeerbeek,Open VLD,11,23,ja,ja,ja
Boortmeerbeek,SP.a,1,23,ja,nee,ja
Boortmeerbeek,Vlaams Belang,1,23,nee,nee,nee
Borgloon,CD&V,2,21,nee,nee,nee
Borgloon,N-VA,2,21,nee,nee,nee
Borgloon,Onbekend,1,21,nee,nee,nee
Borgloon,Open VLD Stroop,9,21,ja,nee,ja
Borgloon,sp.a,7,21,ja,ja,ja
Bornem,CD&V,10,27,nee,nee,nee
Bornem,Iedereen Bornem,10,27,ja,nee,ja
Bornem,N-VA,4,27,ja,ja,ja
Bornem,Vlaams Belang,3,27,nee,nee,nee
Borsbeek,Iedereen Borsbeek,10,22,ja,ja,ja
Borsbeek,N-VA,1,22,nee,nee,ja
Borsbeek,N-VA,9,22,ja,ja,ja
Borsbeek,Vlaams Belang,2,22,nee,nee,nee
Boutersem,CD&V,6,19,ja,ja,ja
Boutersem,Groen,3,19,nee,nee,nee
Boutersem,N-VA,2,19,ja,nee,ja
Boutersem,Onbekend,1,19,nee,nee,nee
Boutersem,Open Vld,2,19,ja,nee,ja
Boutersem,Vooruit,5,19,nee,nee,nee
Brakel,CD&V,3,21,nee,nee,nee
Brakel,N-VA,1,21,nee,nee,nee
Brakel,Onbekend,1,21,nee,nee,nee
Brakel,Open Vld,12,21,ja,ja,ja
Brakel,Vlaams Belang,1,21,nee,nee,nee
Brakel,sp.a,3,21,nee,nee,nee
Brasschaat,Brasschaat 2012,4,34,nee,nee,nee
Brasschaat,CD&V,6,34,nee,nee,nee
Brasschaat,N-VA,17,34,ja,ja,ja
Brasschaat,Onbekend,1,34,nee,nee,nee
Brasschaat,Open VLD,2,34,ja,nee,ja
Brasschaat,PVDA,1,34,nee,nee,nee
Brasschaat,Vlaams Belang,3,34,nee,nee,nee
Brecht,CD&V - CDB,10,29,ja,ja,ja
Brecht,Groen,1,29,nee,nee,nee
Brecht,N-VA,11,29,ja,nee,ja
Brecht,Open VLD,2,29,nee,nee,nee
Brecht,Oprecht Brecht,1,29,nee,nee,nee
Brecht,Vlaams Belang,4,29,nee,nee,nee
Bredene,CD&V,2,25,ja,nee,ja
Bredene,Groen,1,25,nee,nee,nee
Bredene,N_VA/Open Vld,4,25,nee,nee,nee
Bredene,Onbekend,2,25,nee,nee,nee
Bredene,Vlaams Belang,2,25,nee,nee,nee
Bredene,Vooruit,14,25,ja,ja,ja
Bree,BBB,1,25,nee,nee,nee
Bree,N-VA,7,25,ja,nee,ja
Bree,Verjonging,8,25,nee,nee,nee
Bree,Vernieuwing,1,25,nee,nee,nee
Bree,Vooruit,1,25,nee,ja,nee
Bree,onsBree,7,25,ja,nee,nee
Brugge,CD&V,17,48,ja,nee,ja
Brugge,Groen,5,48,nee,nee,nee
Brugge,N-VA,5,48,nee,nee,nee
Brugge,N-VA,1,48,nee,nee,nee
Brugge,Open VLD Plus,6,48,ja,nee,ja
Brugge,Vlaams Belang,4,48,nee,nee,nee
Brugge,Vooruit Brugge,10,48,ja,ja,ja
Buggenhout,CD&V,13,23,ja,ja,ja
Buggenhout,N-VA,5,23,nee,nee,nee
Buggenhout,Open Vld,1,23,nee,nee,nee
Buggenhout,VLAAMS BELANG,4,23,nee,nee,nee
Damme,CD&V+,16,21,ja,ja,ja
Damme,N-VA,3,21,nee,nee,nee
Damme,de Damse belangen,2,21,nee,nee,nee
De Haan,Groen,1,23,nee,nee,nee
De Haan,Lijst burgemeester,10,23,ja,nee,nee
De Haan,Samen Vooruit!,2,23,ja,ja,ja
De Haan,bewust,10,23,nee,nee,nee
De Panne,ACTIE,6,22,nee,nee,ja
De Panne,HET PLAN - B,4,22,nee,nee,ja
De Panne,Lijst Burgemeester,10,22,nee,nee,nee
De Panne,N-VA,1,22,nee,nee,ja
De Panne,Onbekend,1,22,nee,nee,nee
De Pinte,CD&V,9,21,ja,ja,ja
De Pinte,N-VA,3,21,ja,nee,ja
De Pinte,Onbekend,1,21,nee,nee,nee
De Pinte,Open VLD,2,21,nee,nee,nee
De Pinte,Ruimte,6,21,nee,nee,nee
Deerlijk,CD&V,1,22,nee,nee,ja
Deerlijk,CD&V,10,22,ja,ja,ja
Deerlijk,Deerlijk2,2,22,nee,nee,nee
Deerlijk,N-VA,3,22,nee,nee,nee
Deerlijk,Open VLD,6,22,ja,nee,ja
Deinze,CD&V,14,35,ja,nee,ja
Deinze,GroenRood,4,35,nee,nee,nee
Deinze,N-VA,5,35,nee,nee,nee
Deinze,OPEN DEINZE,8,35,ja,ja,ja
Deinze,Onbekend,1,35,nee,nee,nee
Deinze,Vlaams Belang,2,35,nee,nee,nee
Deinze,Vooruit,1,35,nee,nee,nee
Denderleeuw,CD&V,5,27,ja,nee,ja
Denderleeuw,Groen,2,27,ja,nee,ja
Denderleeuw,LVB,7,27,ja,ja,ja
Denderleeuw,N-VA,3,27,nee,nee,nee
Denderleeuw,Plus,1,27,nee,nee,nee
Denderleeuw,Vlaams Belang,9,27,nee,nee,ja
Dendermonde,CD&V,11,35,ja,ja,ja
Dendermonde,Groen,1,35,nee,nee,nee
Dendermonde,N-VA,7,35,ja,nee,ja
Dendermonde,Onbekend,2,35,nee,nee,nee
Dendermonde,Open VLD,4,35,nee,nee,nee
Dendermonde,Vlaams Belang,5,35,nee,nee,nee
Dendermonde,Vooruit,5,35,nee,nee,nee
Dentergem,EENDRACHT,11,19,nee,nee,ja
Dentergem,FOCUS8720,7,19,nee,nee,nee
Dentergem,Onbekend,1,19,nee,nee,nee
Dessel,CD&V,3,21,nee,ja,nee
Dessel,D&W,7,21,nee,nee,nee
Dessel,N-VA,11,21,ja,nee,ja
Destelbergen,CD&V,5,25,nee,nee,nee
Destelbergen,Groen,2,25,nee,nee,nee
Destelbergen,N-VA,6,25,ja,nee,ja
Destelbergen,Open Vld,8,25,ja,ja,ja
Destelbergen,Sp.a,3,25,nee,nee,nee
Destelbergen,Vlaams Belang,1,25,nee,nee,nee
Diepenbeek,CD&V,3,25,ja,nee,ja
Diepenbeek,Groen,2,25,ja,nee,ja
Diepenbeek,N-VA,7,25,ja,ja,ja
Diepenbeek,Open VLD,3,25,ja,nee,ja
Diepenbeek,PUUR Diepenbeek,9,25,nee,nee,nee
Diepenbeek,Pro3590,1,25,nee,nee,nee
Diest,DDS,8,28,nee,nee,ja
Diest,Groen,2,28,nee,nee,nee
Diest,N-VA,3,28,nee,nee,nee
Diest,Onbekend,1,28,nee,nee,nee
Diest,Open Diest,8,28,ja,nee,ja
Diest,Vlaams Belang,1,28,nee,nee,nee
Diest,sp.a,5,28,nee,nee,nee
Diksmuide,CD&V,7,25,ja,ja,ja
Diksmuide,Groen,1,25,nee,nee,nee
Diksmuide,Idee Diksmuide,6,25,ja,ja,ja
Diksmuide,N-VA,6,25,nee,nee,nee
Diksmuide,Onafhankelijk,1,25,nee,nee,nee
Diksmuide,VLAAMS BELANG,1,25,nee,nee,nee
Diksmuide,sp.a-open,3,25,ja,nee,nee
Dilbeek,CD&V,5,36,nee,nee,nee
Dilbeek,DNA!,2,36,nee,nee,nee
Dilbeek,Groen-sp.a,3,36,nee,nee,nee
Dilbeek,LVBurger Open-VLD,10,36,ja,nee,ja
Dilbeek,N-VA LvBurgemeester,9,36,ja,nee,ja
Dilbeek,Onafhankelijk,1,36,nee,nee,nee
Dilbeek,Onbekend,2,36,nee,nee,nee
Dilbeek,Open Vld,1,36,nee,nee,ja
Dilbeek,UF=MR+DÉFI+IND,3,36,nee,nee,nee
Dilsen-Stokkem,CD&V,6,28,nee,nee,nee
Dilsen-Stokkem,N-VA,3,28,nee,nee,nee
Dilsen-Stokkem,Onbekend,1,28,nee,nee,nee
Dilsen-Stokkem,Open Vld,10,28,nee,nee,ja
Dilsen-Stokkem,VOORUIT DILS-STOK,7,28,nee,nee,ja
Dilsen-Stokkem,Voor U,1,28,nee,nee,nee
Drogenbos,Drogenbos Plus,9,18,ja,ja,ja
Drogenbos,Onbekend,3,18,nee,nee,nee
Drogenbos,UF,4,18,ja,nee,nee
Drogenbos,go1620,2,18,nee,nee,nee
Duffel,CD&V,6,25,ja,nee,ja
Duffel,Groen,6,25,nee,nee,nee
Duffel,N-VA,10,25,ja,ja,ja
Duffel,Open VLD,1,25,nee,nee,nee
Duffel,Vlaams Belang,2,25,nee,nee,nee
Edegem,CD&V,3,27,nee,nee,nee
Edegem,Groen,5,27,nee,nee,nee
Edegem,N-VA,18,27,ja,ja,ja
Edegem,Open Vld,1,27,nee,nee,nee
Eeklo,CD&V,6,28,nee,nee,nee
Eeklo,Groen,3,28,nee,nee,ja
Eeklo,N-VA,6,28,nee,nee,nee
Eeklo,Onafhankelijk,1,28,nee,nee,nee
Eeklo,Onbekend,1,28,nee,nee,nee
Eeklo,Open Vld,4,28,nee,nee,ja
Eeklo,SMS EEKLO,6,28,ja,nee,ja
Eeklo,Vlaams Belang,1,28,nee,nee,nee
Erpe-Mere,CD&V,12,25,ja,ja,ja
Erpe-Mere,LEF,1,25,nee,nee,nee
Erpe-Mere,N-VA,5,25,ja,nee,ja
Erpe-Mere,Open Vld,1,25,nee,nee,nee
Erpe-Mere,Sterk!,1,25,nee,nee,nee
Erpe-Mere,VLAAMS BELANG,3,25,nee,nee,nee
Erpe-Mere,Vooruit-Groen,2,25,nee,nee,nee
Essen,CD&V ESSEN,9,25,ja,ja,ja
Essen,N-VA/PLE,9,25,nee,nee,nee
Essen,Onbekend,1,25,nee,nee,nee
Essen,VLAAMS BELANG,2,25,nee,nee,nee
Essen,sp.a-JijmaaktEssen,4,25,ja,nee,ja
Evergem,#sterk!,3,33,nee,nee,nee
Evergem,CD&V,9,33,ja,nee,ja
Evergem,Groen,3,33,nee,nee,nee
Evergem,N-VA,14,33,ja,ja,ja
Evergem,Vlaams Belang,4,33,nee,nee,nee
Galmaarden,CD&V,11,19,ja,ja,ja
Galmaarden,GB.G,1,19,nee,nee,nee
Galmaarden,N-VA,6,19,nee,nee,nee
Galmaarden,Vlaams Belang,1,19,nee,nee,nee
Gavere,CD&V,2,23,nee,nee,ja
Gavere,Gavere durft/N-VA,9,23,nee,nee,nee
Gavere,Groen,2,23,nee,nee,nee
Gavere,Open Vld -VOG,9,23,nee,ja,ja
Gavere,sp.a,1,23,nee,nee,ja
Geel,CD&V,10,33,ja,ja,ja
Geel,DURF,2,33,nee,nee,nee
Geel,De Brugpartij,5,33,nee,nee,nee
Geel,N-VA,9,33,ja,nee,ja
Geel,Onafhankelijk,1,33,nee,nee,nee
Geel,Onbekend,1,33,nee,nee,nee
Geel,PVDA,1,33,nee,nee,nee
Geel,Vlaams Belang,4,33,nee,nee,nee
Geetbets,CD&V,3,16,nee,nee,nee
Geetbets,Hart Dorp,3,16,ja,nee,ja
Geetbets,Open-Vld,10,16,ja,ja,ja
Genk,CD&V,17,41,nee,nee,ja
Genk,N-VA,12,41,nee,nee,nee
Genk,Onbekend,3,41,nee,nee,nee
Genk,PVDA+,1,41,nee,nee,nee
Genk,VLAAMS BELANG,3,41,nee,nee,nee
Genk,VLAAMS BELANG,1,41,nee,nee,nee
Genk,Vooruit,4,41,nee,nee,nee
Gent,CD&V,4,53,ja,nee,ja
Gent,Groen,14,53,ja,ja,ja
Gent,N-VA,6,53,nee,nee,nee
Gent,Open-Vld,15,53,ja,nee,ja
Gent,PVDA,3,53,nee,nee,nee
Gent,Vlaams-Belang,4,53,nee,nee,nee
Gent,Vooruit,7,53,ja,nee,ja
Geraardsbergen,CD&V,9,32,ja,ja,ja
Geraardsbergen,Het Alternatief,1,32,nee,nee,nee
Geraardsbergen,N-VA,1,32,nee,nee,nee
Geraardsbergen,N-VA,1,32,nee,nee,nee
Geraardsbergen,Onafhankelijk,1,32,nee,nee,nee
Geraardsbergen,Onbekend,3,32,nee,nee,nee
Geraardsbergen,Open VLD,11,32,ja,nee,ja
Geraardsbergen,Vlaams Belang,2,32,nee,nee,nee
Geraardsbergen,sp.a,3,32,nee,nee,nee
Gingelom,CD&V,1,9,nee,nee,nee
Gingelom,LEEF,3,9,nee,nee,nee
Gingelom,Vooruit - Goesting,5,9,ja,ja,ja
Gistel,CD&V,7,23,nee,nee,nee
Gistel,Groen,1,23,nee,nee,nee
Gistel,N-VA,2,23,ja,nee,ja
Gistel,Open Vld,10,23,ja,ja,ja
Gistel,Vlaams Belang,1,23,nee,nee,nee
Gistel,Vooruit,2,23,ja,nee,ja
Glabbeek,CD&V,3,17,nee,nee,nee
Glabbeek,Dorpspartij,12,17,ja,ja,ja
Glabbeek,SamenGROEN,2,17,nee,nee,nee
Gooik,CD&V,14,22,ja,ja,ja
Gooik,N-VA,3,22,nee,nee,nee
Gooik,Onafhankelijk,1,22,nee,nee,nee
Gooik,Onbekend,4,22,nee,nee,nee
Grimbergen,Groen,5,14,nee,nee,nee
Grimbergen,N-VA,2,14,ja,nee,ja
Grimbergen,Onbekend,1,14,nee,nee,nee
Grimbergen,Open Vld,2,14,ja,nee,ja
Grimbergen,Vernieuwing,3,14,ja,ja,ja
Grimbergen,cd&v,1,14,nee,nee,nee
Grobbendonk,CD&V,2,22,nee,nee,nee
Grobbendonk,De Lokale Lijst,2,22,nee,nee,nee
Grobbendonk,GiB,9,22,ja,nee,ja
Grobbendonk,N-VA,4,22,ja,ja,ja
Grobbendonk,Vlaams Belang,1,22,nee,nee,nee
Grobbendonk,Vooruit,4,22,nee,nee,nee
Haacht,CD&V,3,24,nee,ja,ja
Haacht,Groen,4,24,nee,nee,nee
Haacht,N-VA,4,24,nee,nee,nee
Haacht,Onbekend,2,24,nee,nee,nee
Haacht,Open VLD,9,24,nee,nee,ja
Haacht,sp.a,2,24,nee,nee,ja
Haaltert,CD&V,4,25,ja,nee,ja
Haaltert,CL-VLD,6,25,nee,nee,nee
Haaltert,N-VA,8,25,ja,ja,ja
Haaltert,Onafhankelijk,1,25,nee,nee,nee
Haaltert,Onbekend,1,25,nee,nee,nee
Haaltert,Open en Liberaal,1,25,nee,nee,ja
Haaltert,Vlaams Belang,2,25,nee,nee,nee
Haaltert,sp.a,2,25,ja,nee,nee
Halen,CD&V,5,7,nee,ja,ja
Halen,N-VA,1,7,nee,nee,nee
Halen,Open Vld,1,7,nee,nee,nee
Halle,CD&V,7,33,ja,nee,ja
Halle,Groen,4,33,ja,nee,ja
Halle,Halle2019,1,33,nee,nee,nee
Halle,N-VA,11,33,nee,nee,nee
Halle,Open Vld,1,33,nee,nee,nee
Halle,Vlaams Belang,2,33,nee,nee,nee
Halle,sp.a,7,33,ja,ja,ja
Hamme,CD&V Hamme Moerzeke,9,27,ja,nee,nee
Hamme,Groen,3,27,nee,nee,nee
Hamme,N-VA,5,27,ja,ja,ja
Hamme,Open VLD,4,27,nee,nee,nee
Hamme,Vlaams Belang,3,27,nee,nee,nee
Hamme,Vooruit,3,27,ja,nee,ja
Hamont-Achel,CD&V,4,9,nee,nee,nee
Hamont-Achel,N-VA,2,9,ja,ja,ja
Hamont-Achel,PRO HAMONT-ACHEL,3,9,ja,nee,ja
Harelbeke,CD&V,7,29,ja,ja,ja
Harelbeke,N-VA,3,29,nee,nee,nee
Harelbeke,Onafhankelijk,1,29,nee,nee,nee
Harelbeke,Open VLD+,5,29,nee,nee,nee
Harelbeke,Vlaams Belang,2,29,nee,nee,nee
Harelbeke,sp.a/Groen,11,29,ja,nee,ja
Hasselt,CD&V,9,41,nee,nee,nee
Hasselt,N-VA,12,41,ja,ja,ja
Hasselt,Open VLD,4,41,ja,nee,ja
Hasselt,PVDA,2,41,nee,nee,nee
Hasselt,RoodGroen+Hasselt,11,41,ja,nee,ja
Hasselt,Vlaams Belang,3,41,nee,nee,nee
Hechtel-Eksel,CD&V,4,23,nee,nee,nee
Hechtel-Eksel,Groen,1,23,nee,nee,nee
Hechtel-Eksel,HE lijst burgemeestr,14,23,ja,nee,ja
Hechtel-Eksel,Onafhankelijk,1,23,nee,nee,nee
Hechtel-Eksel,Onbekend,2,23,nee,nee,nee
Hechtel-Eksel,sp.a,1,23,nee,nee,nee
Heers,CD&V,2,18,nee,nee,nee
Heers,Hecht,2,18,nee,nee,nee
Heers,N-VA,3,18,nee,nee,nee
Heers,VLDUMONT,11,18,ja,ja,ja
Heist-op-den-Berg,CD&V,10,35,nee,nee,ja
Heist-op-den-Berg,Groen,2,35,ja,nee,ja
Heist-op-den-Berg,N-VA,10,35,ja,nee,ja
Heist-op-den-Berg,Open VLD,3,35,ja,ja,ja
Heist-op-den-Berg,PRO Heist,4,35,ja,nee,ja
Heist-op-den-Berg,Vlaams Belang,4,35,nee,nee,nee
Heist-op-den-Berg,eta+,2,35,nee,nee,nee
Hemiksem,CD&V-groen,8,22,ja,nee,ja
Hemiksem,Hemiksem vooruit,2,22,nee,nee,ja
Hemiksem,N-VA,4,22,nee,nee,nee
Hemiksem,N-VH,1,22,nee,nee,nee
Hemiksem,Onbekend,1,22,nee,nee,nee
Hemiksem,Vlaams Belang,2,22,nee,nee,nee
Hemiksem,Vooruit soc beweging,3,22,ja,nee,ja
Hemiksem,open vld,1,22,nee,nee,nee
Herent,CD&V,7,27,ja,ja,ja
Herent,Groen,6,27,nee,nee,nee
Herent,Herent 21,2,27,nee,nee,nee
Herent,NV-A,5,27,ja,nee,nee
Herent,Onbekend,1,27,nee,nee,nee
Herent,Open VLD,3,27,ja,nee,ja
Herent,SPa,3,27,nee,nee,nee
Herentals,CD&V,6,29,ja,ja,ja
Herentals,Groen,3,29,nee,nee,nee
Herentals,N-VA,9,29,ja,nee,ja
Herentals,Stadslijst,1,29,nee,nee,nee
Herentals,Vlaams Belang,3,29,nee,nee,nee
Herentals,Vooruit,7,29,nee,nee,nee
Herenthout,CD&V,3,19,ja,nee,ja
Herenthout,Eenheid - N-VA,8,19,ja,ja,ja
Herenthout,GBL,6,19,nee,nee,nee
Herenthout,S.A.M.E.N.,2,19,nee,nee,nee
Herk-de-Stad,CD&V,5,24,ja,nee,ja
Herk-de-Stad,Groen,1,24,nee,nee,nee
Herk-de-Stad,N-VA,3,24,nee,nee,nee
Herk-de-Stad,NIEUW,1,24,nee,nee,nee
Herk-de-Stad,Onafhankelijke,2,24,nee,nee,nee
Herk-de-Stad,Open Vld,1,24,nee,nee,ja
Herk-de-Stad,Open Vld,5,24,ja,nee,ja
Herk-de-Stad,sp.a,6,24,ja,ja,ja
Herne,CD&V,14,17,ja,ja,ja
Herne,Kwadrantplus,2,17,nee,nee,nee
Herne,Onbekend,1,17,nee,nee,nee
Herselt,CD&V+2230,10,23,nee,nee,nee
Herselt,Groen Herselt,1,23,nee,nee,nee
Herselt,MENSEN MET MENSEN,4,23,ja,ja,ja
Herselt,N-VA,8,23,ja,nee,ja
Herstappe,Gemeentebelangen - Intérêts communaux,3,6,ja,ja,nee
Herstappe,Herstappe+,3,6,nee,nee,nee
Herzele,CD&V en Partners,5,26,ja,nee,ja
Herzele,LEEF! & GROEN,2,26,nee,nee,nee
Herzele,N-VA,1,26,nee,nee,nee
Herzele,Onbekend,4,26,nee,nee,nee
Herzele,Open Vld,12,26,ja,nee,ja
Herzele,roodgroen,2,26,nee,nee,nee
Heusden-Zolder,CD&V,6,31,ja,nee,ja
Heusden-Zolder,G|O|E|D,11,31,ja,ja,nee
Heusden-Zolder,N-VA,4,31,nee,nee,nee
Heusden-Zolder,Onafhankelijk,1,31,nee,nee,nee
Heusden-Zolder,VLAAMS BELANG,3,31,nee,nee,nee
Heusden-Zolder,Vooruit,6,31,ja,nee,ja
Heuvelland,CD&V,5,20,nee,nee,nee
Heuvelland,GEMEENTEBELANGEN,12,20,nee,nee,ja
Heuvelland,N-VA,2,20,nee,nee,nee
Heuvelland,Onbekend,1,20,nee,nee,nee
Hoegaarden,CD&V,10,18,ja,nee,ja
Hoegaarden,Gewoon Wit,2,18,nee,nee,nee
Hoegaarden,N-VA,3,18,nee,nee,nee
Hoegaarden,Onbekend,2,18,nee,nee,nee
Hoegaarden,sp.a,1,18,nee,nee,nee
Hoeilaart,CD&V,5,21,nee,nee,nee
Hoeilaart,Open VLD,4,21,ja,ja,ja
Hoeilaart,Open Vld,8,21,nee,nee,ja
Hoeilaart,PRO Hoeilaart,4,21,ja,nee,ja
Hoeselt,BEST GROEN,7,24,nee,nee,nee
Hoeselt,N-VA Fusiebelang,4,24,ja,ja,nee
Hoeselt,Onbekend,2,24,nee,nee,nee
Hoeselt,TROTS,2,24,nee,nee,nee
Hoeselt,VLD plus,9,24,ja,nee,ja
Holsbeek,CD&V,9,21,ja,ja,ja
Holsbeek,Groen,3,21,ja,nee,ja
Holsbeek,Holsbeek Beweegt,4,21,nee,nee,nee
Holsbeek,N-VA,3,21,nee,nee,nee
Holsbeek,Open Vld,2,21,ja,nee,ja
Hooglede,Allen 8830,3,8,nee,nee,ja
Hooglede,CD&V,2,8,nee,nee,ja
Hooglede,Groep 21,2,8,nee,nee,nee
Hooglede,Onbekend,1,8,nee,nee,nee
Hoogstraten,Anders,3,27,nee,nee,nee
Hoogstraten,CD&V,8,27,nee,nee,nee
Hoogstraten,Hoogstraten Leeft,11,27,ja,nee,ja
Hoogstraten,N-VA,5,27,ja,ja,ja
Horebeke,Groen,2,11,nee,nee,nee
Horebeke,N-VA/CD&V,2,11,nee,nee,nee
Horebeke,Volksbelangen,7,11,ja,ja,ja
Houthalen-Helchteren,BUUR,7,32,nee,nee,nee
Houthalen-Helchteren,CD&V,7,32,nee,nee,nee
Houthalen-Helchteren,N-VA,4,32,nee,nee,ja
Houthalen-Helchteren,Onbekend,2,32,nee,nee,nee
Houthalen-Helchteren,VLAAMS BELANG,3,32,nee,nee,nee
Houthalen-Helchteren,sp.a,1,32,nee,nee,ja
Houthalen-Helchteren,sp.a Groen Plus,8,32,nee,nee,ja
Houthulst,CD&V Plus,13,21,ja,ja,nee
Houthulst,NV-A,5,21,nee,nee,nee
Houthulst,Onafhankelijk,1,21,nee,nee,nee
Houthulst,Sp.a,2,21,ja,nee,nee
Hove,Fan Van Hove,4,20,ja,nee,ja
Hove,Hove Beweegt,4,20,nee,nee,ja
Hove,N-VA,6,20,ja,ja,ja
Hove,N-VA,1,20,nee,nee,ja
Hove,pH7 - Positief Hove,5,20,nee,nee,ja
Huldenberg,CD&V,4,22,nee,nee,nee
Huldenberg,GROEN,1,22,ja,nee,ja
Huldenberg,Groen,2,22,nee,nee,ja
Huldenberg,N-VA,3,22,nee,nee,nee
Huldenberg,Onafhankelijk,1,22,nee,nee,nee
Huldenberg,Onbekend,1,22,nee,nee,nee
Huldenberg,Open Vld,10,22,nee,nee,ja
Hulshout,CD&V,10,21,ja,ja,ja
Hulshout,Groen,2,21,nee,nee,nee
Hulshout,N-VA,8,21,nee,nee,nee
Hulshout,Onbekend,1,21,nee,nee,nee
Ichtegem,CD&V,7,24,nee,nee,nee
Ichtegem,Liberaal 2018,7,24,nee,nee,ja
Ichtegem,Onbekend,1,24,nee,nee,nee
Ichtegem,VLAAMS BELANG,1,24,nee,nee,nee
Ichtegem,W.I.T.,7,24,ja,nee,ja
Ichtegem,sp.a & co,1,24,nee,nee,nee
Ieper,CD&V,10,32,nee,nee,nee
Ieper,Groen,2,32,nee,nee,nee
Ieper,IEPER2030,2,32,nee,nee,ja
Ieper,N-VA,3,32,nee,nee,ja
Ieper,Onbekend,1,32,nee,nee,nee
Ieper,Open Ieper,9,32,nee,nee,ja
Ieper,sp.a,5,32,nee,nee,ja
Ingelmunster,CD&V,5,22,nee,nee,nee
Ingelmunster,De Brug/N-VA/OpenVLD,14,22,ja,ja,ja
Ingelmunster,Vooruit,3,22,nee,nee,nee
Izegem,CD&V,3,29,ja,ja,ja
Izegem,Groen,2,29,nee,nee,nee
Izegem,N-VA,12,29,ja,nee,ja
Izegem,Onbekend,3,29,nee,nee,nee
Izegem,Open VLD,1,29,nee,nee,nee
Izegem,STIP,4,29,nee,nee,nee
Izegem,Sp.a,1,29,nee,nee,nee
Izegem,Vlaams Belang,2,29,nee,nee,nee
Izegem,Vooruit,1,29,nee,nee,nee
Jabbeke,CD&V,14,23,ja,ja,ja
Jabbeke,Groen,2,23,nee,nee,nee
Jabbeke,N-VA,5,23,nee,nee,nee
Jabbeke,VLAAMS BELANG,1,23,nee,nee,nee
Jabbeke,Vooruit,1,23,nee,nee,nee
Kalmthout,CD&V,13,26,nee,nee,ja
Kalmthout,Groen,2,26,nee,nee,nee
Kalmthout,N-VA,5,26,nee,nee,nee
Kalmthout,Onafhankelijk,1,26,nee,nee,nee
Kalmthout,Onbekend,2,26,nee,nee,nee
Kalmthout,Open Vld,1,26,nee,nee,nee
Kalmthout,VLAAMS BELANG,1,26,nee,nee,nee
Kalmthout,sp.a,1,26,nee,nee,nee
Kampenhout,Groen,2,21,nee,nee,nee
Kampenhout,N-VA,3,21,nee,nee,ja
Kampenhout,Open VLD,6,21,ja,nee,ja
Kampenhout,Team Burgemeester,9,21,ja,ja,ja
Kampenhout,Vlaams Belang,1,21,nee,nee,nee
Kapelle-op-den-Bos,CD&V,6,21,nee,nee,nee
Kapelle-op-den-Bos,Groen,3,21,ja,ja,ja
Kapelle-op-den-Bos,N-VA,9,21,ja,nee,ja
Kapelle-op-den-Bos,proKA,3,21,nee,nee,nee
Kapellen,CD&V,1,28,nee,nee,nee
Kapellen,N-VA,7,28,ja,nee,ja
Kapellen,Open VLD,15,28,ja,ja,ja
Kapellen,Sp.a / Groen,3,28,nee,nee,nee
Kapellen,Vlaams Belang,2,28,nee,nee,nee
Kaprijke,CD&V - N-VA - Groen - Onafhankelijken,9,17,ja,ja,ja
Kaprijke,Onbekend,1,17,nee,nee,nee
Kaprijke,SAMEN,7,17,nee,nee,nee
Kasterlee,CD&V,11,24,ja,ja,ja
Kasterlee,Groen,2,24,nee,nee,nee
Kasterlee,N-VA,7,24,nee,nee,nee
Kasterlee,Onbekend,1,24,nee,nee,nee
Kasterlee,Open Vld,2,24,nee,nee,nee
Kasterlee,Vlaams Belang,1,24,nee,nee,nee
Keerbergen,CD&V,3,23,ja,nee,ja
Keerbergen,Groen,2,23,nee,nee,nee
Keerbergen,N-VA,7,23,nee,nee,nee
Keerbergen,Onafhankelijk,1,23,nee,nee,nee
Keerbergen,Open VLD,10,23,ja,ja,ja
Kinrooi,CD&V,16,24,nee,nee,ja
Kinrooi,GBK,1,24,nee,nee,nee
Kinrooi,N-VA,4,24,nee,nee,nee
Kinrooi,Onbekend,1,24,nee,nee,nee
Kinrooi,sp.a,2,24,nee,nee,nee
Kluisbergen,CD&V PLUS,5,17,nee,nee,nee
Kluisbergen,Gemeentebelangen,11,17,ja,ja,ja
Kluisbergen,N-VA,1,17,nee,nee,nee
Knokke-Heist,Fractie Gemeentebelangen,25,32,ja,ja,ja
Knokke-Heist,Fractie Groen,1,32,nee,nee,nee
Knokke-Heist,Fractie N-VA,2,32,nee,nee,nee
Knokke-Heist,Fractie Vlaams Belang,1,32,nee,nee,ja
Knokke-Heist,N-VA,1,32,nee,nee,nee
Knokke-Heist,Onafhankelijk,1,32,nee,nee,nee
Knokke-Heist,Onbekend,1,32,nee,nee,nee
Koekelare,CD&V,2,9,nee,nee,nee
Koekelare,N-VA,1,9,nee,nee,nee
Koekelare,Open Vld,1,9,ja,nee,ja
Koekelare,Vooruit,5,9,ja,ja,ja
Koksijde,Koksijde Vooruit,4,27,nee,nee,ja
Koksijde,Lijst Burgemeester,13,27,ja,ja,ja
Koksijde,N-VA,8,27,nee,nee,nee
Koksijde,Onafhankelijk,1,27,nee,nee,nee
Koksijde,sp.a,1,27,ja,nee,ja
Kontich,CD&V,5,27,nee,nee,nee
Kontich,Dorpslijst Sander,5,27,nee,nee,nee
Kontich,N-VA,10,27,ja,ja,ja
Kontich,Open VLD,5,27,ja,nee,ja
Kontich,Vlaams Belang,2,27,nee,nee,nee
Kortemark,CD&V,9,23,ja,nee,ja
Kortemark,CONTENT,1,23,nee,nee,nee
Kortemark,Eerlijk en bezorgd,2,23,nee,nee,nee
Kortemark,NVA,2,23,nee,nee,nee
Kortemark,Open VLD,9,23,ja,ja,ja
Kortenaken,CD&V,6,18,ja,ja,ja
Kortenaken,NV-A,3,18,ja,nee,nee
Kortenaken,Open VLD,7,18,nee,nee,nee
Kortenaken,SP.a,2,18,ja,nee,ja
Kortenberg,Groen,2,28,nee,nee,nee
Kortenberg,N-VA,7,28,nee,nee,nee
Kortenberg,Onbekend,2,28,nee,nee,nee
Kortenberg,Pro Kortenberg,1,28,nee,nee,nee
Kortenberg,Team Burgemeester,11,28,nee,nee,nee
Kortenberg,UnieK,5,28,nee,nee,nee
Kortessem,CD&V,10,19,ja,ja,ja
Kortessem,N-VA,1,19,ja,nee,ja
Kortessem,Onafhankelijk,1,19,nee,nee,nee
Kortessem,Open Vld,6,19,nee,nee,nee
Kortessem,sp.a,1,19,nee,nee,nee
Kortrijk,CD&V 4.0,7,41,nee,nee,nee
Kortrijk,Groen,4,41,nee,nee,nee
Kortrijk,NV-A,4,41,ja,nee,nee
Kortrijk,Onbekend,1,41,nee,nee,nee
Kortrijk,Sp.a,6,41,ja,nee,ja
Kortrijk,Team Burgemeester,15,41,ja,ja,ja
Kortrijk,Vlaams Belang,4,41,nee,nee,nee
Kraainem,Défi/MR/Ind.,11,24,ja,nee,nee
Kraainem,KU/LB,12,24,ja,ja,nee
Kraainem,Onbekend,1,24,nee,nee,nee
Kruibeke,CD&V,4,26,ja,nee,ja
Kruibeke,D.E.N.E.R.T.,3,26,nee,nee,nee
Kruibeke,N-VA,6,26,ja,nee,ja
Kruibeke,Onafhankelijk,1,26,nee,nee,nee
Kruibeke,Onafhankelijk,1,26,nee,nee,nee
Kruibeke,Onafhankelijk,1,26,nee,nee,nee
Kruibeke,Onbekend,1,26,nee,nee,nee
Kruibeke,SamenVoorKruibeke,9,26,nee,nee,nee
Kruisem,CD&V,14,27,nee,nee,ja
Kruisem,Groen&Co,3,27,nee,nee,nee
Kruisem,N-VA,3,27,nee,nee,nee
Kruisem,Onafhankelijk,1,27,nee,nee,nee
Kruisem,Onbekend,1,27,nee,nee,nee
Kruisem,Open Vld,5,27,nee,nee,nee
Kuurne,CD&V,10,24,ja,ja,ja
Kuurne,GROEN,1,24,nee,nee,ja
Kuurne,N-VA,4,24,ja,nee,ja
Kuurne,Nieuw Kuurne,2,24,nee,nee,nee
Kuurne,Onbekend,2,24,nee,nee,nee
Kuurne,Open Vld Kuurne,3,24,nee,nee,nee
Kuurne,sp.a,2,24,nee,nee,ja
Laakdal,CD&V,8,26,nee,nee,ja
Laakdal,N-VA,4,26,nee,nee,nee
Laakdal,Onbekend,3,26,nee,nee,nee
Laakdal,PROLAAKDAL,6,26,nee,nee,ja
Laakdal,Stem! & Open Vld,2,26,nee,nee,nee
Laakdal,VLAAMS BELANG,3,26,nee,nee,nee
Laarne,CD&V,7,24,nee,nee,nee
Laarne,Groen,1,24,nee,nee,nee
Laarne,N-VA,4,24,ja,nee,ja
Laarne,Open VLD,11,24,ja,ja,ja
Laarne,Vooruit,1,24,nee,nee,nee
Lanaken,CD&V,6,30,nee,nee,nee
Lanaken,Groen,1,30,nee,nee,ja
Lanaken,N-VA,3,30,nee,nee,nee
Lanaken,Onbekend,2,30,nee,nee,nee
Lanaken,Open Vld,1,30,nee,nee,ja
Lanaken,Open Vld-Lanaken,12,30,ja,nee,ja
Lanaken,VLAAMS BELANG,2,30,nee,nee,nee
Lanaken,sp.a-Groen,3,30,nee,nee,ja
Landen,CD&V,7,25,ja,nee,ja
Landen,Groen Landen,2,25,nee,nee,nee
Landen,L'anders,6,25,ja,ja,ja
Landen,N-VA,4,25,nee,nee,nee
Landen,open vld,6,25,nee,nee,nee
Langemark-Poelkapelle,CD&V,9,19,ja,nee,ja
Langemark-Poelkapelle,N-VA,7,19,ja,ja,ja
Langemark-Poelkapelle,TOPE 8920,2,19,nee,nee,nee
Langemark-Poelkapelle,Vooruit,1,19,nee,nee,nee
Lebbeke,CD&V,5,26,nee,nee,ja
Lebbeke,N-VA,7,26,nee,nee,ja
Lebbeke,Onbekend,2,26,nee,nee,nee
Lebbeke,Open Vld,8,26,nee,nee,nee
Lebbeke,VLAAMS BELANG,2,26,nee,nee,nee
Lebbeke,sp.a-Groen,2,26,nee,nee,ja
Lede,CD&V,10,26,nee,nee,ja
Lede,Groen,3,26,nee,nee,ja
Lede,LEDE VLAAMS & ZINVOL,2,26,nee,nee,nee
Lede,N-VA,4,26,nee,nee,nee
Lede,OPEN LEDE,4,26,nee,nee,nee
Lede,Onbekend,1,26,nee,nee,nee
Lede,de coöperatie,2,26,nee,nee,ja
Ledegem,CD&V/VD,17,21,ja,ja,nee
Ledegem,Groen,1,21,nee,nee,nee
Ledegem,Onbekend,1,21,nee,nee,nee
Ledegem,sp.a,2,21,nee,nee,nee
Lendelede,CD&V,9,17,nee,ja,ja
Lendelede,N-VA,5,17,nee,nee,nee
Lendelede,Onbekend,1,17,nee,nee,nee
Lendelede,Trots op Lendlee,2,17,nee,nee,nee
Lennik,CD&V,3,21,nee,nee,ja
Lennik,Groen,2,21,nee,nee,ja
Lennik,LB,8,21,ja,ja,nee
Lennik,N-VA-Lennik²,7,21,nee,nee,nee
Lennik,Vlaams Belang,1,21,nee,nee,nee
Leopoldsburg,CD&V,9,26,nee,nee,ja
Leopoldsburg,N-VA,4,26,nee,nee,nee
Leopoldsburg,Onbekend,1,26,nee,nee,nee
Leopoldsburg,PRO Leopoldsburg,2,26,nee,nee,nee
Leopoldsburg,VLAAMS BELANG,2,26,nee,nee,nee
Leopoldsburg,Vooruit,8,26,nee,nee,ja
Leuven,CD&V,8,47,ja,nee,ja
Leuven,Groen,10,47,ja,nee,ja
Leuven,N-VA,11,47,nee,nee,nee
Leuven,Open Vld,2,47,nee,nee,nee
Leuven,PVDA,1,47,nee,nee,nee
Leuven,Vlaams Belang,1,47,nee,nee,nee
Leuven,Vooruit,14,47,ja,ja,ja
Lichtervelde,CD&V,12,19,ja,ja,ja
Lichtervelde,N-VA,2,19,nee,nee,nee
Lichtervelde,Open Vld,1,19,nee,nee,nee
Lichtervelde,SOMM,4,19,nee,nee,nee
Liedekerke,CD&V Plus,7,23,ja,ja,ja
Liedekerke,N-VA,7,23,nee,nee,nee
Liedekerke,Onbekend,1,23,nee,nee,nee
Liedekerke,Open VLD,2,23,ja,nee,ja
Liedekerke,Vlaams Belang,1,23,nee,nee,nee
Liedekerke,sp.a vooruit,5,23,ja,nee,ja
Lier,CD&V,4,33,nee,nee,nee
Lier,Hart voor de burger,1,33,nee,nee,nee
Lier,N-VA,12,33,ja,ja,ja
Lier,Onbekend,1,33,nee,nee,nee
Lier,Open Vld,6,33,ja,nee,ja
Lier,Vlaams Belang,4,33,nee,nee,nee
Lier,groen-Lier&Ko,4,33,nee,nee,nee
Lier,sp.a,1,33,nee,nee,nee
Lierde,Onbekend,17,18,nee,nee,nee
Lierde,de 3de Partij,1,18,nee,ja,nee
Lievegem,CD&V,13,29,ja,ja,ja
Lievegem,Groen,3,29,nee,nee,nee
Lievegem,NVA,4,29,nee,nee,nee
Lievegem,Onafhankelijke,1,29,nee,nee,nee
Lievegem,Onbekend,1,29,nee,nee,nee
Lievegem,Open Vld,6,29,ja,nee,ja
Lievegem,Vooruit,1,29,nee,nee,nee
Lille,CD&V,6,22,nee,nee,nee
Lille,Groen,4,22,nee,nee,ja
Lille,N-VA,9,22,ja,nee,ja
Lille,Onbekend,1,22,nee,nee,nee
Lille,VLAAMS BELANG,2,22,nee,nee,nee
Linkebeek,Activ',3,15,nee,ja,ja
Linkebeek,LINK@VENIR,7,15,ja,nee,ja
Linkebeek,ensembleLKBsamen,5,15,ja,nee,nee
Lint,CD&V,4,20,ja,nee,ja
Lint,Groen,3,20,nee,nee,nee
Lint,N-VA,7,20,ja,ja,ja
Lint,Onbekend,1,20,nee,nee,nee
Lint,Open VLD,2,20,nee,nee,nee
Lint,Vlaams Belang,2,20,nee,nee,nee
Lint,sp.a,1,20,nee,nee,nee
Linter,CD&V,14,19,ja,ja,ja
Linter,NV-A,2,19,nee,nee,nee
Linter,Open vld,2,19,nee,nee,nee
Linter,Vooruit,1,19,nee,nee,nee
Lo-Reninge,DYNAMISCH,8,13,ja,ja,ja
Lo-Reninge,INSPRAAK,5,13,nee,nee,nee
Lochristi,CD&V,1,9,nee,nee,nee
Lochristi,Groen-sp.a,2,9,nee,nee,nee
Lochristi,N-VA,2,9,nee,nee,nee
Lochristi,Open Vld,4,9,ja,ja,ja
Lokeren,CD&V,8,35,ja,nee,ja
Lokeren,Groen,5,35,nee,nee,nee
Lokeren,N-VA,4,35,nee,nee,nee
Lokeren,Open Vld,13,35,ja,ja,ja
Lokeren,Vlaams Belang,3,35,nee,nee,nee
Lokeren,Vooruit,2,35,nee,nee,nee
Lommel,CD&V,13,31,ja,ja,ja
Lommel,N-VA,5,31,ja,nee,ja
Lommel,PVDA,1,31,nee,nee,nee
Lommel,Samen Vooruit,11,31,nee,nee,nee
Lommel,voor3920lommel,1,31,nee,nee,nee
Londerzeel,CD&V,3,26,nee,nee,ja
Londerzeel,Groen,1,26,nee,nee,ja
Londerzeel,LWD,9,26,nee,nee,ja
Londerzeel,N-VA,10,26,nee,nee,nee
Londerzeel,Onbekend,1,26,nee,nee,nee
Londerzeel,Pro1840,2,26,nee,nee,nee
Lubbeek,CD&V,4,23,ja,ja,ja
Lubbeek,Groen,4,23,nee,nee,nee
Lubbeek,Lubbeek Leeft,4,23,nee,nee,nee
Lubbeek,N-VA,9,23,ja,nee,ja
Lubbeek,Open VLD,2,23,nee,nee,nee
Lummen,CD&V,13,25,ja,ja,ja
Lummen,Groen,3,25,nee,nee,nee
Lummen,N-VA,3,25,ja,nee,ja
Lummen,Onbekend,1,25,nee,nee,nee
Lummen,Open Vld,1,25,nee,nee,nee
Lummen,Vooruit,4,25,nee,nee,nee
Maarkedal,CD&V Vooruit,5,17,nee,nee,nee
Maarkedal,KOMOP Maarkedal,1,17,nee,nee,ja
Maarkedal,N-VA,7,17,nee,ja,ja
Maarkedal,Onbekend,1,17,nee,nee,nee
Maarkedal,Voor Maarkedal,3,17,ja,nee,ja
Maaseik,CD&V,8,30,nee,nee,nee
Maaseik,N-VA,4,30,ja,nee,ja
Maaseik,Open Vld,8,30,ja,ja,ja
Maaseik,PRO3680,6,30,ja,nee,ja
Maaseik,VLAAMS BELANG,4,30,nee,nee,nee
Maasmechelen,CD&V,12,34,nee,nee,ja
Maasmechelen,N-VA,4,34,nee,nee,nee
Maasmechelen,Onbekend,1,34,nee,nee,nee
Maasmechelen,Open MM,6,34,nee,nee,ja
Maasmechelen,PUUR-MAASMECHELEN,4,34,nee,nee,nee
Maasmechelen,VLAAMS BELANG,2,34,nee,nee,nee
Maasmechelen,ademM,2,34,nee,nee,nee
Maasmechelen,sp.a,3,34,nee,nee,nee
Machelen,CD&V,7,25,ja,nee,ja
Machelen,N-VA,6,25,ja,ja,ja
Machelen,Onafhankelijk,1,25,nee,nee,nee
Machelen,Onbekend,3,25,nee,nee,nee
Machelen,Open VLD,1,25,ja,nee,ja
Machelen,sp.a - spirit - groen,7,25,nee,nee,nee
Maldegem,CD&V,7,27,nee,nee,nee
Maldegem,De Merlaan,3,27,ja,nee,ja
Maldegem,Groen,2,27,nee,nee,nee
Maldegem,N-VA,4,27,ja,nee,ja
Maldegem,Onbekend,1,27,nee,nee,nee
Maldegem,Open Vld,9,27,ja,nee,ja
Maldegem,Vlaams Belang,1,27,nee,nee,nee
Malle,CD&V Malle,3,26,nee,nee,ja
Malle,DBM,6,26,nee,nee,ja
Malle,N-VA,6,26,nee,nee,ja
Malle,OOSTWEST,5,26,nee,nee,nee
Malle,Onafhankelijk,1,26,nee,nee,nee
Malle,Onbekend,1,26,nee,nee,nee
Malle,Progressief Malle,3,26,nee,nee,ja
Malle,VLAAMS BELANG,1,26,nee,nee,nee
Mechelen,CD&V,3,43,nee,nee,nee
Mechelen,CD&V,1,43,nee,nee,nee
Mechelen,N-VA,6,43,nee,nee,nee
Mechelen,Onbekend,1,43,nee,nee,nee
Mechelen,Partij van de Arbeid,1,43,nee,nee,nee
Mechelen,Vlaams Belang,4,43,nee,nee,nee
Mechelen,Voor Mechelen,24,43,ja,ja,nee
Mechelen,Vooruit,3,43,nee,nee,nee
Meerhout,MERRET anders,2,21,nee,nee,nee
Meerhout,N-VA,3,21,nee,nee,nee
Meerhout,Onbekend,1,21,nee,nee,nee
Meerhout,VLAAMS BELANG,4,21,nee,nee,nee
Meerhout,Vooruit,5,21,ja,nee,ja
Meerhout,cd,6,21,ja,ja,ja
Meise,CD&V,3,25,nee,nee,nee
Meise,LB+,8,25,nee,nee,nee
Meise,N-VA,5,25,nee,nee,ja
Meise,Onafhankelijk,1,25,nee,nee,nee
Meise,Onafhankelijk,1,25,nee,nee,nee
Meise,Onafhankelijk,1,25,nee,nee,nee
Meise,Onafhankelijk,1,25,nee,nee,nee
Meise,Onbekend,1,25,nee,nee,nee
Meise,PRO,1,25,nee,nee,ja
Meise,Samen anders,3,25,nee,nee,ja
Melle,CD&V/N-VA,11,21,nee,ja,ja
Melle,Groen,4,21,nee,nee,nee
Melle,Open Vld,4,21,nee,nee,nee
Melle,sp.a Jij Maakt Melle,2,21,nee,nee,nee
Menen,CD&V,10,31,nee,nee,nee
Menen,Groen,2,31,nee,nee,nee
Menen,N-VA,4,31,ja,nee,ja
Menen,Onbekend,1,31,nee,nee,nee
Menen,Open Vld,6,31,ja,ja,ja
Menen,Vlaams Belang,3,31,nee,nee,nee
Menen,Vooruit,5,31,ja,nee,ja
Merchtem,CD&V-plus,4,25,ja,ja,ja
Merchtem,Groen,1,25,nee,nee,nee
Merchtem,Lijst Van de Burgemeester,10,25,ja,nee,ja
Merchtem,N-VA,3,25,nee,nee,nee
Merchtem,PRO Merchtem,7,25,nee,nee,nee
Merelbeke,CD&V,8,27,ja,nee,ja
Merelbeke,Groen,6,27,nee,nee,nee
Merelbeke,N-VA,4,27,nee,nee,nee
Merelbeke,Open VLD,8,27,ja,nee,ja
Merelbeke,sp.a,1,27,nee,ja,nee
Merksplas,Groen,2,19,nee,nee,nee
Merksplas,N-VA,2,19,nee,nee,nee
Merksplas,leefbaar Merksplas,15,19,ja,ja,ja
Mesen,MLM,4,6,ja,nee,ja
Mesen,Onbekend,1,6,nee,nee,nee
Mesen,RESPECT !,1,6,nee,nee,nee
Meulebeke,Lijst burgemeester,14,21,ja,ja,ja
Meulebeke,N-VA,5,21,nee,nee,nee
Meulebeke,Zorgsaam,2,21,nee,nee,nee
Middelkerke,CD&V,3,25,ja,nee,ja
Middelkerke,Groen,1,25,nee,nee,nee
Middelkerke,LDD (lijst Dedecker),14,25,ja,ja,ja
Middelkerke,N-VA,1,25,nee,nee,nee
Middelkerke,Open VLD,6,25,nee,nee,nee
Moerbeke,CD&V+,3,10,nee,nee,nee
Moerbeke,Mens,1,10,nee,nee,nee
Moerbeke,N-VA,1,10,nee,nee,nee
Moerbeke,Onbekend,1,10,nee,nee,nee
Moerbeke,Open Vld,4,10,ja,ja,ja
Mol,CD&V,9,32,ja,ja,ja
Mol,MeMo,3,32,nee,nee,nee
Mol,N-VA,10,32,ja,nee,ja
Mol,Onafhankelijk,1,32,nee,nee,nee
Mol,Onbekend,1,32,nee,nee,nee
Mol,Open VLD+,3,32,nee,nee,nee
Mol,Vlaams Belang,2,32,nee,nee,nee
Mol,Vooruit,3,32,nee,nee,nee
Moorslede,Groep a,2,10,nee,nee,nee
Moorslede,N-VA,2,10,nee,nee,nee
Moorslede,PRO,1,10,nee,nee,nee
Moorslede,STERK,2,10,ja,nee,ja
Moorslede,VISIE,3,10,ja,ja,ja
Mortsel,CD&V,1,30,nee,nee,nee
Mortsel,Groen,8,30,nee,nee,nee
Mortsel,Mortsel leeft!,3,30,nee,nee,ja
Mortsel,N-VA,12,30,ja,ja,ja
Mortsel,Open VLD,1,30,ja,nee,ja
Mortsel,Vlaams Belang,2,30,nee,nee,nee
Mortsel,sp.a-I love Mortsel,3,30,ja,nee,ja
Nazareth,CD&V,10,22,ja,ja,ja
Nazareth,N-VA,4,22,nee,nee,nee
Nazareth,Onbekend,1,22,nee,nee,nee
Nazareth,Open Vld,4,22,nee,nee,nee
Nazareth,Vooruit-Groen,3,22,ja,nee,ja
Niel,CD&V,1,21,nee,nee,nee
Niel,N-VA,4,21,ja,nee,ja
Niel,Onbekend,2,21,nee,nee,nee
Niel,Open Vld,10,21,ja,ja,ja
Niel,Vooruit - Groen,4,21,nee,nee,nee
Nieuwerkerken,CD&V,9,17,ja,ja,ja
Nieuwerkerken,GEMEENTEBELANGEN,4,17,nee,nee,nee
Nieuwerkerken,N-VA,1,17,nee,nee,nee
Nieuwerkerken,sp.a,3,17,nee,nee,nee
Nieuwpoort,CD&V,15,21,ja,ja,ja
Nieuwpoort,N-VA,2,21,nee,nee,nee
Nieuwpoort,Onbekend,1,21,nee,nee,nee
Nieuwpoort,PRO NIEUWPOORT,3,21,nee,nee,nee
Nijlen,CD&V,10,28,nee,nee,ja
Nijlen,Groen-Open Vld,5,28,nee,nee,ja
Nijlen,N&U,2,28,nee,nee,ja
Nijlen,N-VA,6,28,nee,nee,nee
Nijlen,Nieuw Nijlen,2,28,nee,nee,nee
Nijlen,Onbekend,1,28,nee,nee,nee
Nijlen,VLAAMS BELANG,2,28,nee,nee,nee
Ninove,FORZA NINOVE,15,33,nee,nee,nee
Ninove,N-VA,1,33,nee,nee,ja
Ninove,Onafhankelijk,1,33,nee,nee,ja
Ninove,Onbekend,1,33,nee,nee,nee
Ninove,Open VLD,9,33,ja,ja,ja
Ninove,SAMEN,6,33,ja,nee,ja
Olen,CD&V,9,23,ja,ja,ja
Olen,Groen,1,23,ja,nee,nee
Olen,N-VA,5,23,nee,nee,nee
Olen,O1,6,23,nee,nee,nee
Olen,sp.a sociaal & anders,2,23,ja,nee,ja
Oostende,CD&V,3,41,ja,nee,ja
Oostende,Groen,5,41,ja,ja,ja
Oostende,N-VA,7,41,ja,nee,ja
Oostende,Open VLD,9,41,ja,nee,ja
Oostende,Vlaams Belang,6,41,nee,nee,nee
Oostende,Vooruit,11,41,nee,nee,nee
Oosterzele,CD&V/N-VA,10,21,ja,ja,ja
Oosterzele,Groen,3,21,nee,nee,nee
Oosterzele,VOLUIT,8,21,nee,nee,nee
Oostkamp,CD&V,16,27,ja,ja,ja
Oostkamp,Groen,2,27,nee,nee,nee
Oostkamp,N-VA,4,27,nee,nee,nee
Oostkamp,Vlaams Belang,2,27,nee,nee,nee
Oostkamp,sp.a,3,27,nee,nee,nee
Oostrozebeke,INSPRAAK.nu,9,19,nee,nee,nee
Oostrozebeke,Oostrozebeke.nu,10,19,ja,ja,ja
Opwijk,CD&V,3,24,nee,nee,nee
Opwijk,Groen,1,24,nee,nee,nee
Opwijk,INZET,2,24,nee,nee,nee
Opwijk,N-VA,9,24,ja,nee,ja
Opwijk,Onbekend,1,24,nee,nee,nee
Opwijk,Open Vld,8,24,nee,nee,ja
Oud-Heverlee,CD&V,6,20,nee,nee,ja
Oud-Heverlee,Groen,5,20,ja,ja,ja
Oud-Heverlee,N-VA,6,20,nee,nee,nee
Oud-Heverlee,Open Vld,2,20,nee,nee,nee
Oud-Heverlee,Vooruit,1,20,nee,nee,ja
Oud-Turnhout,CD&V pluS,8,25,nee,nee,nee
Oud-Turnhout,CD&V pluS,1,25,nee,nee,nee
Oud-Turnhout,Groen,3,25,nee,nee,ja
Oud-Turnhout,LB18,1,25,nee,nee,ja
Oud-Turnhout,N-VA,8,25,nee,nee,ja
Oud-Turnhout,N-VA,1,25,ja,ja,ja
Oud-Turnhout,VLAAMS BELANG,3,25,nee,nee,nee
Oudenaarde,CD&V,5,33,ja,nee,ja
Oudenaarde,Groen,6,33,nee,nee,nee
Oudenaarde,N-VA,3,33,nee,nee,nee
Oudenaarde,Onbekend,3,33,nee,nee,nee
Oudenaarde,Open VLD,12,33,ja,nee,ja
Oudenaarde,Open Vld,1,33,nee,nee,ja
Oudenaarde,Sp.A,1,33,nee,nee,nee
Oudenaarde,Vlaams Belang,1,33,nee,nee,nee
Oudenaarde,sp.a,1,33,nee,nee,nee
Oudenburg,CD&V,9,22,nee,nee,nee
Oudenburg,N-VA,1,22,ja,nee,nee
Oudenburg,Onbekend,2,22,nee,nee,nee
Oudenburg,Open Vld,8,22,nee,ja,ja
Oudenburg,Vooruit,2,22,nee,nee,ja
Oudsbergen,CD&V Oudsbergen,16,28,nee,nee,nee
Oudsbergen,N-VA,6,28,nee,nee,nee
Oudsbergen,OPEN OUDSBERGEN,3,28,nee,nee,nee
Oudsbergen,Onbekend,3,28,nee,nee,nee
Overijse,CD&V,3,29,nee,nee,nee
Overijse,Leefbaar Overijse,1,29,nee,nee,ja
Overijse,OPENVLDGROENOVERIJSE,9,29,ja,ja,ja
Overijse,Overijse Plus,6,29,nee,nee,ja
Overijse,Overijse2002-N-VA,10,29,ja,nee,ja
Overpelt,Onafhankelijk,1,1,nee,nee,onbekend
Peer,APPEL,2,14,nee,nee,nee
Peer,CD&V,8,14,nee,nee,ja
Peer,N-VA,1,14,nee,nee,nee
Peer,N-VA,1,14,nee,nee,nee
Peer,Onbekend,1,14,nee,nee,nee
Peer,Speer,1,14,nee,nee,nee
Pelt,CD&V,17,32,ja,nee,ja
Pelt,Groen,3,32,nee,nee,nee
Pelt,LIJST VISSERS,2,32,nee,nee,nee
Pelt,N-VA,4,32,nee,nee,nee
Pelt,Onbekend,1,32,nee,nee,nee
Pelt,SAMEN  PELT,2,32,ja,nee,ja
Pelt,SAMEN PELT,3,32,nee,nee,ja
Pepingen,CD&V,4,16,nee,nee,nee
Pepingen,DVP,2,16,nee,nee,nee
Pepingen,LVB-LIJSTvdBURGER,8,16,nee,nee,ja
Pepingen,N-VA,1,16,nee,nee,nee
Pepingen,Onbekend,1,16,nee,nee,nee
Pittem,CD&V,9,17,ja,ja,ja
Pittem,NieuwPittemEgem,8,17,nee,nee,nee
Poperinge,Onbekend,25,25,nee,nee,nee
Putte,CD&V-GROEN PUTTE,11,26,nee,nee,nee
Putte,Lijst Burgemeester,12,26,ja,ja,ja
Putte,N-VA,3,26,ja,nee,ja
Puurs-Sint-Amands,CD&V-teamkoen,17,30,ja,nee,ja
Puurs-Sint-Amands,Groen,2,30,nee,nee,nee
Puurs-Sint-Amands,KR8!,3,30,nee,nee,nee
Puurs-Sint-Amands,N-VA,5,30,nee,nee,nee
Puurs-Sint-Amands,Onbekend,1,30,nee,nee,nee
Puurs-Sint-Amands,VLAAMS BELANG,2,30,nee,nee,nee
Ranst,CD&V/WIJ,3,26,nee,nee,nee
Ranst,Goesting!,5,26,nee,nee,nee
Ranst,Groen,5,26,ja,nee,ja
Ranst,N-VA,10,26,ja,ja,ja
Ranst,Onbekend,1,26,nee,nee,nee
Ranst,Vlaams Belang,2,26,nee,nee,nee
Ravels,CD&V,16,24,ja,ja,ja
Ravels,Groen,2,24,nee,nee,nee
Ravels,N-VA,5,24,nee,nee,nee
Ravels,Onbekend,1,24,nee,nee,nee
Retie,CD&V,8,21,nee,nee,nee
Retie,N-VA,2,21,nee,nee,nee
Retie,Nieuw Retie,11,21,ja,ja,nee
Riemst,CD&V,14,25,ja,ja,ja
Riemst,N-VA,5,25,nee,nee,nee
Riemst,Open Vld,5,25,nee,nee,nee
Riemst,VLAAMS BELANG,1,25,nee,nee,nee
Rijkevorsel,CD&V,3,23,ja,ja,ja
Rijkevorsel,Gemeentebelang&VLD,2,23,nee,nee,nee
Rijkevorsel,Gemeentebelangen,4,23,nee,nee,nee
Rijkevorsel,N-VA,11,23,ja,nee,ja
Rijkevorsel,Onbekend,1,23,nee,nee,nee
Rijkevorsel,ProVeussel,2,23,nee,nee,nee
Roeselare,CD&V,18,40,ja,nee,ja
Roeselare,Groen,3,40,nee,nee,nee
Roeselare,N-VA,7,40,nee,nee,nee
Roeselare,Onbekend,1,40,nee,nee,nee
Roeselare,Open Vld,2,40,nee,nee,ja
Roeselare,VLAAMS BELANG,6,40,nee,nee,nee
Roeselare,sp.a &de vernieuwers,3,40,ja,nee,ja
Ronse,CD&V,11,29,ja,nee,ja
Ronse,Groen,2,29,nee,nee,nee
Ronse,N-VA,7,29,ja,ja,ja
Ronse,Onafhankelijk,1,29,nee,nee,nee
Ronse,Open Vld,2,29,nee,nee,nee
Ronse,sp.a,6,29,nee,nee,nee
Roosdaal,CD&V,11,21,ja,nee,ja
Roosdaal,N-VA,6,21,nee,nee,nee
Roosdaal,Onbekend,1,21,nee,nee,nee
Roosdaal,Roosdaal-anders,1,21,nee,ja,nee
Roosdaal,groen,2,21,nee,nee,nee
Rotselaar,CD&V,10,25,ja,nee,ja
Rotselaar,Groen,2,25,nee,nee,nee
Rotselaar,N-VA,5,25,nee,ja,ja
Rotselaar,Onbekend,1,25,nee,nee,nee
Rotselaar,Open Vld,3,25,nee,nee,nee
Rotselaar,anders,3,25,nee,nee,nee
Rotselaar,sp.a,1,25,nee,nee,nee
Ruiselede,RESPECT,8,17,nee,nee,nee
Ruiselede,rkd,9,17,ja,ja,ja
Rumst,CD&V - 3D,2,13,ja,nee,ja
Rumst,N-VA,7,13,ja,ja,ja
Rumst,Vlaams Belang,1,13,nee,nee,nee
Rumst,sp.a-Groen,3,13,nee,nee,nee
Schelle,CD&V,10,20,ja,ja,ja
Schelle,Groen,2,20,nee,nee,nee
Schelle,N-VA,5,20,nee,nee,nee
Schelle,Onbekend,1,20,nee,nee,nee
Schelle,Vlaams Belang,2,20,nee,nee,nee
Scherpenheuvel-Zichem,CD&V,9,27,ja,ja,ja
Scherpenheuvel-Zichem,N-VA,5,27,nee,nee,nee
Scherpenheuvel-Zichem,Open VLD,8,27,ja,nee,ja
Scherpenheuvel-Zichem,SP.A,2,27,nee,nee,nee
Scherpenheuvel-Zichem,Vlaams Belang,3,27,nee,nee,nee
Schilde,CD&V,2,26,nee,nee,nee
Schilde,Groen,1,26,nee,nee,nee
Schilde,Lokaal - Liberaal,8,26,nee,nee,nee
Schilde,N-VA,12,26,nee,nee,ja
Schilde,Onbekend,2,26,nee,nee,nee
Schilde,VLAAMS BELANG,1,26,nee,nee,nee
Schoten,CD&V,3,31,nee,nee,nee
Schoten,Groen,3,31,nee,nee,nee
Schoten,N-VA,15,31,ja,ja,ja
Schoten,Onbekend,1,31,nee,nee,nee
Schoten,Open VLD,1,31,ja,nee,ja
Schoten,Vlaams Belang,7,31,nee,nee,nee
Schoten,Vooruit,1,31,nee,nee,nee
Sint-Genesius-Rode,Engagement 1640,7,25,ja,nee,nee
Sint-Genesius-Rode,IC-GB,18,25,ja,ja,ja
Sint-Gillis-Waas,CD&V,9,25,ja,nee,ja
Sint-Gillis-Waas,Groen-sp.a,4,25,ja,ja,ja
Sint-Gillis-Waas,N-VA,10,25,nee,nee,nee
Sint-Gillis-Waas,Vlaams Belang,2,25,nee,nee,nee
Sint-Katelijne-Waver,CD&V,1,28,nee,nee,ja
Sint-Katelijne-Waver,CD&V,4,28,ja,nee,ja
Sint-Katelijne-Waver,Groen,1,28,nee,nee,nee
Sint-Katelijne-Waver,N-VA,9,28,ja,ja,ja
Sint-Katelijne-Waver,Onafhankelijk,1,28,nee,nee,nee
Sint-Katelijne-Waver,Onbekend,2,28,nee,nee,nee
Sint-Katelijne-Waver,Samen Anders,8,28,nee,nee,nee
Sint-Katelijne-Waver,Vlaams Belang,2,28,nee,nee,nee
Sint-Laureins,CD&V,6,17,nee,nee,nee
Sint-Laureins,NV-A,1,17,nee,nee,nee
Sint-Laureins,Samen Anders,10,17,ja,ja,ja
Sint-Lievens-Houtem,CD&V,2,22,nee,nee,nee
Sint-Lievens-Houtem,N-VA,2,22,nee,nee,nee
Sint-Lievens-Houtem,NIEUW HOUTEM,12,22,nee,nee,ja
Sint-Lievens-Houtem,Onbekend,1,22,nee,nee,nee
Sint-Lievens-Houtem,Open VLD,2,22,nee,nee,nee
Sint-Lievens-Houtem,Open Vld,1,22,nee,nee,nee
Sint-Lievens-Houtem,Vooruit-Groen,2,22,nee,nee,nee
Sint-Martens-Latem,Samen N-VA,5,19,nee,nee,nee
Sint-Martens-Latem,Voor Latem en Deurle,4,19,nee,nee,nee
Sint-Martens-Latem,Welzijn,10,19,ja,ja,ja
Sint-Niklaas,CD&V,6,41,nee,nee,nee
Sint-Niklaas,Groen,6,41,ja,ja,ja
Sint-Niklaas,N-VA,14,41,ja,nee,ja
Sint-Niklaas,Open Vld,2,41,ja,nee,ja
Sint-Niklaas,PVDA,1,41,nee,nee,nee
Sint-Niklaas,Vlaams Belang,7,41,nee,nee,nee
Sint-Niklaas,sp.a,5,41,nee,nee,nee
Sint-Pieters-Leeuw,CD&V,6,32,ja,nee,ja
Sint-Pieters-Leeuw,GEMEENTEBELANGEN,1,32,nee,nee,nee
Sint-Pieters-Leeuw,Groen,2,32,nee,nee,nee
Sint-Pieters-Leeuw,N-VA,11,32,nee,nee,ja
Sint-Pieters-Leeuw,Onbekend,2,32,nee,nee,nee
Sint-Pieters-Leeuw,Open Vld,1,32,nee,nee,nee
Sint-Pieters-Leeuw,PF,7,32,nee,nee,nee
Sint-Pieters-Leeuw,VLAAMS BELANG,1,32,nee,nee,nee
Sint-Pieters-Leeuw,Vooruit,1,32,nee,nee,nee
Sint-Truiden,CD&V,9,35,nee,nee,ja
Sint-Truiden,Groen,1,35,nee,nee,nee
Sint-Truiden,N-VA,5,35,ja,nee,ja
Sint-Truiden,Onbekend,3,35,nee,nee,nee
Sint-Truiden,Open Vld,7,35,nee,nee,ja
Sint-Truiden,sp.a,10,35,nee,nee,nee
Spiere-Helkijn,LB-2018,6,11,ja,ja,ja
Spiere-Helkijn,TeAm+,5,11,nee,nee,nee
Stabroek,CD&V,3,25,ja,nee,ja
Stabroek,N-VA,12,25,ja,ja,ja
Stabroek,Open VLD,2,25,nee,nee,nee
Stabroek,Vlaams Belang,5,25,nee,nee,nee
Stabroek,sp.a-groen,3,25,nee,nee,nee
Staden,CD&V,6,21,nee,nee,nee
Staden,N-VA,1,21,nee,nee,nee
Staden,Open Vld,13,21,ja,ja,ja
Staden,sp.a,1,21,nee,nee,nee
Steenokkerzeel,CD&V,1,23,nee,nee,nee
Steenokkerzeel,GROEN,1,23,nee,nee,nee
Steenokkerzeel,Klaver-NVA,14,23,ja,ja,ja
Steenokkerzeel,LVB,4,23,nee,nee,nee
Steenokkerzeel,Sp.a,1,23,nee,nee,nee
Steenokkerzeel,onafhankelijk,2,23,nee,nee,nee
Stekene,CD&V,4,26,nee,nee,nee
Stekene,Gemeentebelangen,13,26,nee,nee,ja
Stekene,Groen,4,26,nee,nee,nee
Stekene,Onbekend,1,26,nee,nee,nee
Stekene,Vlaams belang,4,26,nee,nee,ja
Temse,CD&V,7,30,nee,nee,ja
Temse,Groen,2,30,nee,nee,nee
Temse,N-VA,7,30,nee,nee,ja
Temse,Onbekend,2,30,nee,nee,nee
Temse,Open Vld,4,30,nee,nee,ja
Temse,TESAMEN,4,30,nee,nee,nee
Temse,VLAAMS BELANG,4,30,nee,nee,nee
Ternat,CD&V en Volks,7,26,ja,nee,ja
Ternat,N-VA,5,26,nee,nee,nee
Ternat,Onbekend,2,26,nee,nee,nee
Ternat,Open Vld +,2,26,nee,nee,nee
Ternat,Sp.aGroenXL,2,26,nee,nee,nee
Ternat,Voor Ternat,8,26,ja,ja,ja
Tervuren,CD&V,4,28,nee,nee,ja
Tervuren,Democraten Tervuren,4,28,nee,nee,nee
Tervuren,Groen+,6,28,nee,nee,ja
Tervuren,N-VA,9,28,nee,nee,ja
Tervuren,Onbekend,1,28,nee,nee,nee
Tervuren,Tervuren Unie,4,28,nee,nee,nee
Tessenderlo,CD&V,6,25,ja,nee,ja
Tessenderlo,Groen,1,25,nee,nee,nee
Tessenderlo,LOOI.nu,2,25,nee,nee,nee
Tessenderlo,N-VA,4,25,nee,nee,nee
Tessenderlo,Onafhankelijk,1,25,nee,nee,nee
Tessenderlo,Open Vld,2,25,nee,nee,nee
Tessenderlo,Vooruit-SPiL,9,25,ja,ja,ja
Tessenderlo-Ham,CD&V,8,22,nee,nee,onbekend
Tessenderlo-Ham,Groen,1,22,nee,nee,onbekend
Tessenderlo-Ham,N-VA,2,22,nee,nee,onbekend
Tessenderlo-Ham,Onbekend,1,22,nee,nee,onbekend
Tessenderlo-Ham,Open Vld,6,22,nee,nee,onbekend
Tessenderlo-Ham,VLAAMS BELANG,2,22,nee,nee,onbekend
Tessenderlo-Ham,sp.a,2,22,nee,nee,onbekend
Tielt,CD&V,13,28,ja,ja,ja
Tielt,Groen,1,28,nee,nee,ja
Tielt,Iedereen Tielt,4,28,ja,nee,ja
Tielt,N-VA/Open Vld,7,28,nee,nee,nee
Tielt,Vooruit,3,28,nee,nee,nee
Tielt-Winge,CD&V,5,21,ja,nee,ja
Tielt-Winge,Groen,1,21,nee,nee,nee
Tielt-Winge,N-VA,4,21,nee,nee,nee
Tielt-Winge,Open Vld,7,21,ja,ja,ja
Tielt-Winge,Samen,4,21,nee,nee,nee
Tienen,CD&V,8,32,nee,nee,ja
Tienen,Groen,3,32,nee,nee,ja
Tienen,N-VA,5,32,nee,nee,ja
Tienen,Onbekend,3,32,nee,nee,nee
Tienen,Open Vld,2,32,nee,nee,ja
Tienen,Tienen Vooruit!,4,32,nee,nee,nee
Tienen,VLAAMS BELANG,2,32,nee,nee,nee
Tienen,sp.a,5,32,nee,nee,nee
Tongeren-Borgloon,Groen,2,32,nee,nee,onbekend
Tongeren-Borgloon,N-VA,3,32,nee,nee,onbekend
Tongeren-Borgloon,Onafhankelijk,1,32,nee,nee,onbekend
Tongeren-Borgloon,Onbekend,2,32,nee,nee,onbekend
Tongeren-Borgloon,Tongeren.nu VLD CD&V,14,32,ja,nee,onbekend
Tongeren-Borgloon,Vlaams Belang,1,32,nee,nee,onbekend
Tongeren-Borgloon,sp.a,9,32,nee,nee,onbekend
Torhout,CD&V Torhout,14,27,ja,ja,nee
Torhout,Groen Torhout,4,27,nee,nee,nee
Torhout,N-VA Torhout,5,27,nee,nee,nee
Torhout,Onafhankelijk raadslid,1,27,nee,nee,nee
Torhout,Sp.a,1,27,nee,nee,ja
Torhout,Vooruit,2,27,ja,nee,ja
Tremelo,CD&V,8,24,nee,nee,ja
Tremelo,Groen,2,24,nee,nee,ja
Tremelo,N-VA,3,24,nee,nee,ja
Tremelo,Onafhankelijk,2,24,nee,nee,nee
Tremelo,Onbekend,1,24,nee,nee,nee
Tremelo,Open Vld,5,24,nee,nee,nee
Tremelo,VLAAMS BELANG,2,24,nee,nee,nee
Tremelo,sp.a,1,24,nee,nee,nee
Turnhout,CD&V,4,35,ja,nee,ja
Turnhout,Groen,4,35,ja,nee,ja
Turnhout,N-VA,8,35,ja,nee,ja
Turnhout,Open Vld,1,35,nee,nee,nee
Turnhout,PVDA,1,35,nee,nee,nee
Turnhout,T.I.M.,5,35,nee,nee,nee
Turnhout,Vlaams Belang,7,35,nee,nee,nee
Turnhout,sp.a,5,35,ja,ja,ja
Veurne,!nspraak,2,21,nee,nee,nee
Veurne,CD&V,6,21,ja,ja,ja
Veurne,N-VA,6,21,nee,nee,nee
Veurne,Veurne Plus,7,21,ja,nee,ja
Vilvoorde,CD&V,5,35,ja,nee,ja
Vilvoorde,Groen,3,35,ja,nee,ja
Vilvoorde,N-VA,4,35,nee,nee,nee
Vilvoorde,Open Vld,8,35,ja,nee,ja
Vilvoorde,PVDA*PTB,1,35,nee,nee,nee
Vilvoorde,UF,2,35,nee,nee,nee
Vilvoorde,Vlaams Belang,2,35,nee,nee,nee
Vilvoorde,Vooruit,10,35,ja,ja,ja
Vleteren,LVP,9,14,nee,nee,ja
Vleteren,Onbekend,1,14,nee,nee,nee
Vleteren,VLETEREN ACTIEF,4,14,nee,nee,nee
Voeren,Onbekend,2,16,nee,nee,nee
Voeren,RAL,5,16,nee,nee,nee
Voeren,Voerbelangen,9,16,nee,nee,ja
Vorselaar,Actiev,15,19,ja,ja,ja
Vorselaar,Koester 2290,4,19,nee,nee,nee
Vosselaar,N-VA,8,22,ja,nee,ja
Vosselaar,Onbekend,3,22,nee,nee,nee
Vosselaar,V!SIE op Vosselaar,1,22,nee,nee,nee
Vosselaar,VOLK,7,22,ja,nee,nee
Vosselaar,VOORUIT,1,22,nee,nee,nee
Vosselaar,Vosselaar Vooruit,2,22,nee,nee,nee
Waasmunster,CD&V / Burgemeester,9,21,ja,ja,ja
Waasmunster,Groen,1,21,nee,nee,nee
Waasmunster,N-VA,3,21,ja,nee,ja
Waasmunster,Onbekend,2,21,nee,nee,nee
Waasmunster,Open Vld,6,21,nee,nee,nee
Wachtebeke,ANDERS,6,11,ja,nee,ja
Wachtebeke,CD&V,1,11,nee,nee,nee
Wachtebeke,N-VA,1,11,nee,nee,nee
Wachtebeke,Onbekend,1,11,nee,nee,nee
Wachtebeke,Open Vld,2,11,ja,ja,ja
Waregem,CD&V,20,32,ja,ja,ja
Waregem,Groen,3,32,nee,nee,nee
Waregem,N-VA / Open Vld,6,32,nee,nee,nee
Waregem,Vlaams Belang,2,32,nee,nee,nee
Waregem,sp.a,1,32,nee,nee,nee
Wellen,CD&V,3,19,ja,nee,ja
Wellen,N-VA,1,19,nee,nee,nee
Wellen,Onbekend,1,19,nee,nee,nee
Wellen,Open Vld,3,19,nee,nee,nee
Wellen,VOOR ALLE WELLENAREN,2,19,nee,nee,nee
Wellen,Vooruit-rob,9,19,ja,nee,ja
Wemmel,Intérêts Communaux,6,24,ja,nee,nee
Wemmel,LB Wemmel,11,24,ja,ja,ja
Wemmel,Onbekend,1,24,nee,nee,nee
Wemmel,Wemmel Plus!,6,24,ja,nee,ja
Wervik,Onbekend,25,25,nee,nee,nee
Westerlo,CD&V,14,27,ja,ja,ja
Westerlo,Groen,1,27,nee,nee,nee
Westerlo,N-VA,6,27,nee,nee,nee
Westerlo,OPEN & Positief Wlo,4,27,nee,nee,nee
Westerlo,Onafhankelijk,2,27,nee,nee,nee
Wetteren,CD&V,7,29,ja,nee,ja
Wetteren,Eén,3,29,ja,nee,ja
Wetteren,Groen&Co,4,29,ja,ja,ja
Wetteren,N-VA,5,29,nee,nee,nee
Wetteren,Open VLD,6,29,nee,nee,nee
Wetteren,Vlaams Belang,3,29,nee,nee,nee
Wetteren,Vooruit,1,29,nee,nee,ja
Wevelgem,CD&V,17,31,ja,ja,ja
Wevelgem,Groen,4,31,nee,nee,nee
Wevelgem,N-VA,6,31,nee,nee,nee
Wevelgem,VLAAMS BELANG,2,31,nee,nee,nee
Wevelgem,Vooruit,2,31,nee,nee,nee
Wezembeek-Oppem,LB-Union,18,22,ja,ja,ja
Wezembeek-Oppem,WOplus,4,22,nee,nee,nee
Wichelen,Anders,2,22,nee,nee,nee
Wichelen,CD&V,2,22,nee,nee,nee
Wichelen,N-VA,3,22,nee,nee,nee
Wichelen,Onbekend,1,22,nee,nee,nee
Wichelen,Samen,13,22,nee,nee,ja
Wichelen,Vlaams Belang,1,22,nee,nee,nee
Wielsbeke,CD&V,11,22,ja,ja,ja
Wielsbeke,CD&V,1,22,nee,nee,ja
Wielsbeke,N-VA,4,22,nee,nee,nee
Wielsbeke,U.,5,22,nee,nee,nee
Wielsbeke,Vlaams Belang,1,22,nee,nee,nee
Wijnegem,CD&V,2,22,nee,nee,nee
Wijnegem,Groen,2,22,nee,nee,nee
Wijnegem,N-VA,9,22,ja,nee,ja
Wijnegem,Onbekend,2,22,nee,nee,nee
Wijnegem,VLAAMS BELANG,4,22,nee,nee,nee
Wijnegem,dorpspartij durf!,3,22,ja,nee,ja
Willebroek,CD&V,4,28,ja,nee,ja
Willebroek,Groen,3,28,nee,nee,nee
Willebroek,N-VA,11,28,ja,ja,ja
Willebroek,Onafhankelijk,3,28,nee,nee,nee
Willebroek,Open VLD,1,28,ja,nee,ja
Willebroek,Vooruit,6,28,nee,nee,nee
Wingene,Burgerbelangen,4,23,nee,nee,nee
Wingene,CD&V,17,23,ja,ja,ja
Wingene,N-VA,2,23,nee,nee,nee
Wommelgem,Gemeentebelangen,3,23,nee,nee,nee
Wommelgem,Groen,3,23,nee,nee,nee
Wommelgem,N-VA,10,23,ja,ja,ja
Wommelgem,Onafhankelijk,1,23,nee,nee,nee
Wommelgem,Onbekend,1,23,nee,nee,nee
Wommelgem,Open Vld,3,23,ja,nee,ja
Wommelgem,Vlaams Belang,2,23,nee,nee,nee
Wortegem-Petegem,CD&V,1,17,nee,nee,nee
Wortegem-Petegem,N-VA Wortegem-Petegem,3,17,nee,nee,nee
Wortegem-Petegem,Onafhankelijk,1,17,nee,nee,nee
Wortegem-Petegem,Open Vld,11,17,nee,ja,ja
Wortegem-Petegem,sp.a/onafhankelijk,1,17,nee,nee,nee
Wuustwezel,CD&V,16,27,ja,ja,ja
Wuustwezel,N-VA,4,27,nee,nee,nee
Wuustwezel,Onafhankelijke,1,27,nee,nee,nee
Wuustwezel,Open Vld,2,27,nee,nee,nee
Wuustwezel,Plus,2,27,nee,nee,nee
Wuustwezel,Vlaams Belang,2,27,nee,nee,nee
Zandhoven,CD&V,14,23,ja,ja,ja
Zandhoven,Groen,1,23,nee,nee,nee
Zandhoven,N-VA Zandhoven,6,23,nee,nee,nee
Zandhoven,Vlaams Belang,2,23,nee,nee,nee
Zaventem,CD&V,4,34,nee,nee,ja
Zaventem,Groen,1,34,nee,nee,nee
Zaventem,N-VA,7,34,nee,nee,nee
Zaventem,Onbekend,3,34,nee,nee,nee
Zaventem,Open Vld,11,34,nee,nee,ja
Zaventem,PRO-Zaventem,1,34,nee,nee,nee
Zaventem,U.F.,6,34,nee,nee,nee
Zaventem,UF,1,34,nee,nee,nee
Zedelgem,CD&V-Nieuw,19,27,ja,ja,nee
Zedelgem,Groen,2,27,nee,nee,nee
Zedelgem,N-VA,3,27,nee,nee,nee
Zedelgem,Vlaams Belang,2,27,nee,nee,nee
Zedelgem,sp.a,1,27,nee,nee,nee
Zele,CD&V,11,27,nee,nee,ja
Zele,Leefbaarder Zele,2,27,nee,nee,ja
Zele,N-VA - Zele Vlakaf,4,27,nee,nee,ja
Zele,Onbekend,3,27,nee,nee,nee
Zele,Open-VLD,5,27,nee,nee,nee
Zele,SP.A,2,27,nee,nee,nee
Zelzate,N-VA,1,24,nee,nee,nee
Zelzate,Onafhankelijk,1,24,nee,nee,nee
Zelzate,Onbekend,2,24,nee,nee,nee
Zelzate,PVDA,6,24,nee,nee,ja
Zelzate,VLAAMS BELANG,1,24,nee,nee,nee
Zelzate,VLD-SD,6,24,nee,nee,nee
Zelzate,Vooruit,6,24,nee,nee,ja
Zelzate,ZELZATE POSITIEF,1,24,nee,nee,nee
Zemst,CD&V,9,27,nee,nee,nee
Zemst,Groen,2,27,ja,nee,ja
Zemst,N-VA,8,27,ja,ja,ja
Zemst,Open Vld,2,27,nee,nee,nee
Zemst,Vlaams Belang,1,27,nee,nee,nee
Zemst,Vlam,4,27,ja,nee,ja
Zemst,sp.a,1,27,ja,nee,ja
Zoersel,CD&V,7,27,nee,nee,nee
Zoersel,Groen,2,27,ja,nee,ja
Zoersel,Heerlijk Zoersel,3,27,nee,nee,nee
Zoersel,N-VA,11,27,ja,ja,ja
Zoersel,Onbekend,1,27,nee,nee,nee
Zoersel,Open VLD,1,27,ja,nee,ja
Zoersel,Vlaams Belang,2,27,nee,nee,nee
Zonhoven,CD&V - GROEN,4,27,nee,nee,nee
Zonhoven,N-VA,3,27,nee,nee,nee
Zonhoven,Onbekend,2,27,nee,nee,nee
Zonhoven,Open Vld,14,27,ja,ja,ja
Zonhoven,VLAAMS BELANG,2,27,nee,nee,nee
Zonhoven,ZONSHOVEN,2,27,nee,nee,nee
Zonnebeke,INSAMENSPRAAK,5,23,nee,nee,nee
Zonnebeke,Lijst Passendale,1,23,nee,nee,nee
Zonnebeke,NVA,3,23,nee,nee,nee
Zonnebeke,TEAM 8980,14,23,ja,ja,ja
Zottegem,CD&V,6,28,ja,nee,ja
Zottegem,Groen,2,28,nee,nee,nee
Zottegem,N-VA,7,28,ja,ja,ja
Zottegem,Onafhankelijk,1,28,nee,nee,nee
Zottegem,Open Vld,5,28,nee,nee,nee
Zottegem,sp.a,7,28,nee,nee,nee
Zoutleeuw,CD&V,12,19,ja,ja,ja
Zoutleeuw,N-VA,2,19,nee,nee,nee
Zoutleeuw,Onafhankelijk,1,19,nee,nee,nee
Zoutleeuw,Open VLD,2,19,nee,nee,nee
Zoutleeuw,SP.a,2,19,nee,nee,nee
Zuienkerke,Lijst Burgemeester,11,11,nee,ja,ja
Zulte,CD&V,5,24,nee,nee,nee
Zulte,GVZ,1,24,ja,nee,nee
Zulte,N-VA,1,24,ja,nee,ja
Zulte,Open Zulte,17,24,ja,ja,ja
Zutendaal,CD&V,6,20,nee,nee,nee
Zutendaal,Onbekend,2,20,nee,nee,nee
Zutendaal,ZVP,12,20,ja,nee,ja
Zwalm,CD&V+,1,19,nee,nee,ja
Zwalm,N-VA,2,19,ja,nee,ja
Zwalm,Open VLD,9,19,nee,nee,nee
Zwalm,VoorZwalm,7,19,ja,ja,ja
Zwevegem,CD&V,8,27,ja,ja,ja
Zwevegem,Groen,3,27,nee,nee,nee
Zwevegem,Lijst Burgemeester,8,27,ja,nee,ja
Zwevegem,N-VA,5,27,nee,nee,nee
Zwevegem,Zwevegem Vooruit,1,27,nee,nee,ja
Zwevegem,sp.a,2,27,ja,nee,ja
Zwijndrecht,CD&V,3,25,ja,nee,ja
Zwijndrecht,Groen,8,25,ja,nee,ja
Zwijndrecht,N-VA,9,25,nee,nee,nee
Zwijndrecht,Vlaams Belang,3,25,nee,nee,nee
Zwijndrecht,Vooruit,2,25,ja,ja,ja
